username,slug,rating,liked
sverlaan,people-we-meet-on-vacation,4.0,True
sverlaan,zootopia-2,3.5,False
sverlaan,wicked-for-good,2.5,False
sverlaan,one-battle-after-another,4.0,False
sverlaan,no-other-choice-2025,5.0,True
sverlaan,hamnet,3.5,False
sverlaan,jay-kelly,4.0,True
sverlaan,bugonia,4.5,True
sverlaan,weapons-2025,4.0,False
sverlaan,kpop-demon-hunters,3.5,False
sverlaan,f1,3.0,False
sverlaan,materialists,3.0,False
sverlaan,sentimental-value-2025,4.5,True
sverlaan,it-was-just-an-accident,4.5,True
sverlaan,die-my-love,2.0,False
sverlaan,eddington,4.0,True
sverlaan,bring-her-back,3.0,False
sverlaan,black-mirror-bete-noire,3.5,False
sverlaan,sinners-2025,4.0,True
sverlaan,a-minecraft-movie,2.0,False
sverlaan,brighter-days-ahead,2.5,False
sverlaan,adolescence-2025,4.5,True
sverlaan,warfare,3.5,False
sverlaan,blue-moon-2025,3.5,False
sverlaan,companion-2025,3.5,False
sverlaan,goudappels,3.0,False
sverlaan,tummy-tom-2-a-new-friend-for-tummy-tom,4.0,True
sverlaan,mufasa-the-lion-king,2.5,False
sverlaan,nosferatu-2024,3.5,False
sverlaan,gladiator-ii,2.0,False
sverlaan,wicked-2024,4.0,True
sverlaan,the-wild-robot,3.5,False
sverlaan,im-still-here-2024,4.5,True
sverlaan,babygirl-2024,3.5,False
sverlaan,alien-romulus,4.0,True
sverlaan,blink-twice,3.5,False
sverlaan,it-ends-with-us,2.0,False
sverlaan,twisters,2.5,False
sverlaan,longlegs,3.5,False
sverlaan,tummy-tom-and-the-lost-teddybear,5.0,True
sverlaan,inside-out-2-2024,3.5,False
sverlaan,flow-2024,4.5,True
sverlaan,anora,5.0,True
sverlaan,the-substance,3.0,False
sverlaan,emilia-perez,2.5,False
sverlaan,furiosa-a-mad-max-saga,4.0,True
sverlaan,baby-reindeer,3.5,False
sverlaan,challengers,5.0,True
sverlaan,civil-war-2024,4.0,True
sverlaan,one-day-2024,5.0,True
sverlaan,dune-part-two,4.0,True
sverlaan,a-real-pain,5.0,True
sverlaan,dertigers-de-kerstfilm,2.5,False
sverlaan,anyone-but-you,4.0,False
sverlaan,wonka,2.5,False
sverlaan,michael-fassbender-road-to-le-mans-the-film,4.0,True
sverlaan,hardcore-never-dies,3.5,False
sverlaan,the-iron-claw-2023,4.5,True
sverlaan,wish-2023,2.5,False
sverlaan,the-hunger-games-the-ballad-of-songbirds-snakes,4.5,True
sverlaan,five-nights-at-freddys,2.5,False
sverlaan,taylor-swift-the-eras-tour,5.0,True
sverlaan,poison-2023,4.0,False
sverlaan,the-rat-catcher-2023,3.5,False
sverlaan,saw-x,2.5,False
sverlaan,the-swan-2023,4.0,False
sverlaan,im-not-a-robot-2023,4.0,False
sverlaan,the-creator-2023,3.0,False
sverlaan,a-haunting-in-venice,3.5,False
sverlaan,sing-sing-2023,4.0,True
sverlaan,hit-man-2023,3.5,False
sverlaan,the-killer-2023,4.5,True
sverlaan,poor-things-2023,4.0,False
sverlaan,the-wonderful-story-of-henry-sugar,4.5,True
sverlaan,the-holdovers,5.0,True
sverlaan,the-boy-and-the-heron,4.0,True
sverlaan,oppenheimer-2023,5.0,True
sverlaan,barbie,4.5,True
sverlaan,no-hard-feelings-2023,3.5,False
sverlaan,meg-2-the-trench,2.0,False
sverlaan,spider-man-across-the-spider-verse,3.5,False
sverlaan,elemental-2023,3.0,False
sverlaan,asteroid-city,3.0,False
sverlaan,anatomy-of-a-fall,4.5,True
sverlaan,may-december,5.0,True
sverlaan,killers-of-the-flower-moon,3.5,False
sverlaan,the-zone-of-interest,4.5,True
sverlaan,the-little-mermaid-2023,3.0,False
sverlaan,beau-is-afraid,5.0,True
sverlaan,one-true-loves,1.0,True
sverlaan,beef-2023,5.0,True
sverlaan,are-you-there-god-its-me-margaret,3.5,False
sverlaan,all-inclusive-2023,2.5,False
sverlaan,past-lives,4.0,True
sverlaan,fair-play-2023,3.0,False
sverlaan,suzan-freek-between-you-me,2.0,False
sverlaan,babylon-2022,4.5,True
sverlaan,avatar-the-way-of-water,2.0,False
sverlaan,puss-in-boots-the-last-wish,4.0,False
sverlaan,talk-to-me-2022,4.5,True
sverlaan,guillermo-del-toros-pinocchio,4.0,False
sverlaan,sea-of-time-2022,3.0,False
sverlaan,the-fabelmans,4.0,False
sverlaan,the-menu-2022,2.5,False
sverlaan,glass-onion,3.5,False
sverlaan,the-banshees-of-inisherin,4.5,False
sverlaan,dont-worry-darling,3.0,False
sverlaan,the-whale-2022,4.0,False
sverlaan,empire-of-light,3.0,False
sverlaan,bones-and-all,4.5,True
sverlaan,tar-2022,5.0,True
sverlaan,barbarian-2022,4.0,True
sverlaan,bullet-train,3.0,False
sverlaan,nope,3.5,False
sverlaan,minions-the-rise-of-gru,2.0,False
sverlaan,blind-willow-sleeping-woman,3.5,False
sverlaan,broker-2022,4.0,False
sverlaan,decision-to-leave,4.0,False
sverlaan,aftersun,5.0,True
sverlaan,triangle-of-sadness,5.0,True
sverlaan,love-death-robots-bad-travelling,4.0,False
sverlaan,men-2022,3.0,False
sverlaan,the-eight-mountains,4.5,True
sverlaan,top-gun-maverick,4.0,False
sverlaan,the-northman,4.0,False
sverlaan,olivia-rodrigo-driving-home-2-u-a-sour-film,3.5,False
sverlaan,bodies-bodies-bodies,3.0,False
sverlaan,apollo-10-a-space-age-childhood,4.0,True
sverlaan,x-2022,3.5,False
sverlaan,everything-everywhere-all-at-once,4.5,False
sverlaan,the-batman,3.5,False
sverlaan,fresh-2022,3.0,False
sverlaan,scream-2022,3.0,False
sverlaan,spider-man-no-way-home,3.0,False
sverlaan,dont-look-up-2021,3.0,False
sverlaan,licorice-pizza,4.5,True
sverlaan,tick-tick-boom-2021,3.5,False
sverlaan,house-of-gucci,3.0,False
sverlaan,alles-op-tafel,3.5,False
sverlaan,dune-2021,4.0,False
sverlaan,the-power-of-the-dog,3.5,False
sverlaan,old-2021,2.5,False
sverlaan,a-hero,3.0,False
sverlaan,titane,4.0,False
sverlaan,the-french-dispatch-of-the-liberty-kansas,3.5,False
sverlaan,drive-my-car,4.0,False
sverlaan,after-yang,4.5,True
sverlaan,the-worst-person-in-the-world,4.5,True
sverlaan,boiling-point-2021,4.0,False
sverlaan,beast-2021-2,4.0,False
sverlaan,luca-2021,4.0,False
sverlaan,bo-burnham-inside,5.0,True
sverlaan,nobody-2021,3.0,False
sverlaan,the-fallout,4.5,True
sverlaan,judas-and-the-black-messiah,3.5,False
sverlaan,folklore-the-long-pond-studio-sessions,4.0,False
sverlaan,puparia,4.0,True
sverlaan,mank,3.5,False
sverlaan,the-queens-gambit,5.0,False
sverlaan,another-round,4.0,False
sverlaan,im-thinking-of-ending-things,2.5,False
sverlaan,tenet,4.0,False
sverlaan,rundfunk-jachterwachter,2.5,False
sverlaan,normal-people-2020,5.0,True
sverlaan,palm-springs-2020,3.5,False
sverlaan,the-social-dilemma,2.5,False
sverlaan,minari,4.5,False
sverlaan,dont-fk-with-cats-hunting-an-internet-killer,4.0,False
sverlaan,little-women-2019,5.0,True
sverlaan,1917,3.5,False
sverlaan,promise-of-pisa,2.5,False
sverlaan,the-irishman-2019,4.0,False
sverlaan,knives-out-2019,4.0,False
sverlaan,sound-of-metal,5.0,True
sverlaan,babyteeth,3.5,False
sverlaan,joker-2019,2.5,False
sverlaan,ford-v-ferrari,4.0,False
sverlaan,uncut-gems,4.5,True
sverlaan,ad-astra-2019,3.0,False
sverlaan,marriage-story-2019,5.0,True
sverlaan,the-lion-king-2019,3.0,False
sverlaan,spider-man-far-from-home,3.5,False
sverlaan,midsommar,5.0,True
sverlaan,once-upon-a-time-in-hollywood,4.5,True
sverlaan,parasite-2019,5.0,True
sverlaan,portrait-of-a-lady-on-fire,4.5,True
sverlaan,the-lighthouse-2019,5.0,True
sverlaan,rocketman-2019,3.0,False
sverlaan,chernobyl,5.0,False
sverlaan,avengers-endgame,4.0,False
sverlaan,pain-and-glory,4.5,True
sverlaan,booksmart,4.0,False
sverlaan,us-2019,3.0,False
sverlaan,the-souvenir,3.5,False
sverlaan,the-vast-of-night,3.0,False
sverlaan,the-farewell-2019,3.0,False
sverlaan,honey-boy,3.0,False
sverlaan,black-mirror-bandersnatch,2.0,False
sverlaan,spider-man-into-the-spider-verse,3.5,False
sverlaan,bohemian-rhapsody,2.5,False
sverlaan,open-seas,3.5,False
sverlaan,green-book,2.5,False
sverlaan,high-life-2018,3.0,False
sverlaan,widows-2018,4.0,False
sverlaan,beautiful-boy-2018,4.0,False
sverlaan,vox-lux,2.5,False
sverlaan,free-solo,4.5,True
sverlaan,a-star-is-born-2018,5.0,True
sverlaan,roma-2018,4.0,False
sverlaan,the-favourite,4.0,False
sverlaan,first-man,4.0,False
sverlaan,to-all-the-boys-ive-loved-before,3.5,False
sverlaan,crazy-rich-asians,2.0,False
sverlaan,mamma-mia-here-we-go-again,4.5,True
sverlaan,incredibles-2,3.0,False
sverlaan,burning-2018,5.0,True
sverlaan,blackkklansman,4.0,False
sverlaan,climax-2018,3.5,False
sverlaan,avengers-infinity-war,3.5,False
sverlaan,a-quiet-place-2018,3.0,False
sverlaan,the-resistance-banker,3.0,False
sverlaan,the-wolf-house,4.0,True
sverlaan,love-simon,4.0,False
sverlaan,game-night,4.0,True
sverlaan,annihilation,4.0,False
sverlaan,minding-the-gap,4.5,True
sverlaan,hereditary,5.0,True
sverlaan,eighth-grade,4.0,False
sverlaan,searching-2018,3.5,False
sverlaan,den-of-thieves,3.0,False
sverlaan,pitch-perfect-3,3.5,False
sverlaan,phantom-thread,5.0,True
sverlaan,star-wars-the-last-jedi,2.5,False
sverlaan,the-greatest-showman,2.5,False
sverlaan,paddington-2,4.0,False
sverlaan,murder-on-the-orient-express-2017,2.5,False
sverlaan,the-dawn-wall,4.0,False
sverlaan,coco-2017,4.0,False
sverlaan,blade-runner-2049,4.0,True
sverlaan,thor-ragnarok,2.5,False
sverlaan,geralds-game,4.0,False
sverlaan,i-tonya,3.5,False
sverlaan,mother-2017,4.5,True
sverlaan,it-2017,3.0,False
sverlaan,three-billboards-outside-ebbing-missouri,4.0,True
sverlaan,lady-bird,3.5,False
sverlaan,first-reformed,3.5,False
sverlaan,the-shape-of-water,4.0,False
sverlaan,dunkirk-2017,4.0,False
sverlaan,war-for-the-planet-of-the-apes,4.0,False
sverlaan,spider-man-homecoming,4.0,True
sverlaan,annabelle-creation,3.0,False
sverlaan,shot-caller,3.5,False
sverlaan,loving-vincent,4.0,True
sverlaan,good-time,4.0,False
sverlaan,the-killing-of-a-sacred-deer,4.0,False
sverlaan,the-florida-project,3.5,False
sverlaan,you-were-never-really-here,3.5,False
sverlaan,it-comes-at-night,4.0,False
sverlaan,life-2017,3.5,False
sverlaan,baby-driver,3.5,False
sverlaan,song-to-song,2.5,False
sverlaan,logan-2017,4.0,False
sverlaan,get-out-2017,4.5,False
sverlaan,columbus-2017,4.5,True
sverlaan,call-me-by-your-name,5.0,True
sverlaan,passengers-2016,3.0,False
sverlaan,rogue-one-a-star-wars-story,3.0,False
sverlaan,silence,5.0,True
sverlaan,the-founder,3.5,False
sverlaan,planet-earth-ii,5.0,False
sverlaan,doctor-strange-2016,2.5,False
sverlaan,moana-2016,4.0,True
sverlaan,inferno-2016,3.5,False
sverlaan,the-edge-of-seventeen,3.5,False
sverlaan,the-autopsy-of-jane-doe,3.5,False
sverlaan,nocturnal-animals,4.5,True
sverlaan,moonlight-2016,3.5,False
sverlaan,arrival-2016,5.0,True
sverlaan,la-la-land,5.0,True
sverlaan,endless-2016-1,5.0,True
sverlaan,war-dogs-2016,4.0,False
sverlaan,the-infiltrator-2016,3.5,False
sverlaan,your-name,4.0,False
sverlaan,piper,4.0,False
sverlaan,bo-burnham-make-happy,4.5,False
sverlaan,me-before-you,2.5,False
sverlaan,elle,4.0,False
sverlaan,hell-or-high-water,3.5,False
sverlaan,paterson,4.5,True
sverlaan,toni-erdmann,3.0,False
sverlaan,raw-2016,5.0,True
sverlaan,the-handmaiden,5.0,True
sverlaan,i-daniel-blake,2.0,False
sverlaan,the-conjuring-2,4.5,False
sverlaan,the-nice-guys,4.0,True
sverlaan,captain-america-civil-war,4.0,False
sverlaan,the-red-turtle,3.0,False
sverlaan,brimstone-2016,3.5,False
sverlaan,batman-v-superman-dawn-of-justice,2.5,False
sverlaan,10-cloverfield-lane,4.0,False
sverlaan,things-to-come-2016,4.5,False
sverlaan,deadpool,3.0,False
sverlaan,zootopia,4.0,True
sverlaan,sing-street,4.5,False
sverlaan,manchester-by-the-sea,4.5,True
sverlaan,the-revenant-2015,4.0,False
sverlaan,star-wars-the-force-awakens,3.5,False
sverlaan,the-hateful-eight,4.5,True
sverlaan,the-big-short,3.5,False
sverlaan,the-hunger-games-mockingjay-part-2,3.5,False
sverlaan,burnt,4.5,False
sverlaan,the-martian,4.0,True
sverlaan,demolition,4.0,False
sverlaan,steve-jobs,3.5,False
sverlaan,room-2015,3.5,False
sverlaan,beasts-of-no-nation,4.0,False
sverlaan,everest-2015,3.5,False
sverlaan,the-gift-2015-1,4.5,False
sverlaan,aloha,3.0,False
sverlaan,jurassic-world,3.5,False
sverlaan,sicario-2015,4.0,False
sverlaan,inside-out-2015,3.5,False
sverlaan,carol-2015,4.0,False
sverlaan,the-lobster,4.0,False
sverlaan,pitch-perfect-2,2.5,False
sverlaan,mad-max-fury-road,4.5,True
sverlaan,the-age-of-adaline,3.5,True
sverlaan,furious-7,4.0,False
sverlaan,the-invitation-2015,3.0,False
sverlaan,under-the-dome-2015,3.5,False
sverlaan,brooklyn,2.5,False
sverlaan,admiral-2015,3.0,False
sverlaan,me-and-earl-and-the-dying-girl,4.5,True
sverlaan,mistress-america,4.0,False
sverlaan,the-witch-2015,4.0,False
sverlaan,ex-machina-2015,4.5,True
sverlaan,vipers-nest-2,3.0,False
sverlaan,american-sniper,3.5,False
sverlaan,the-hunger-games-mockingjay-part-1,3.0,False
sverlaan,gift-from-the-heart,3.0,False
sverlaan,interstellar,5.0,True
sverlaan,big-hero-6,3.0,False
sverlaan,fury-2014,3.5,False
sverlaan,love-rosie,5.0,True
sverlaan,the-book-of-life-2014,3.0,False
sverlaan,youre-not-you,2.5,False
sverlaan,gone-girl,4.0,True
sverlaan,the-maze-runner,2.0,False
sverlaan,still-alice,4.0,False
sverlaan,the-theory-of-everything-2014,3.5,False
sverlaan,phoenix-2014,3.5,False
sverlaan,nightcrawler,4.5,False
sverlaan,the-judge-2014,3.5,False
sverlaan,the-imitation-game,3.5,False
sverlaan,birdman-or-the-unexpected-virtue-of-ignorance,3.5,False
sverlaan,the-expendables-3,3.0,False
sverlaan,guardians-of-the-galaxy,4.0,False
sverlaan,hercules-2014,3.0,False
sverlaan,when-marnie-was-there,4.5,True
sverlaan,22-jump-street,3.0,False
sverlaan,edge-of-tomorrow,4.0,False
sverlaan,force-majeure-2014,4.5,True
sverlaan,it-follows,4.0,False
sverlaan,how-to-train-your-dragon-2,3.0,False
sverlaan,captain-america-the-winter-soldier,4.0,False
sverlaan,need-for-speed,3.0,False
sverlaan,the-grand-budapest-hotel,5.0,True
sverlaan,non-stop-2014,3.0,False
sverlaan,boyhood,5.0,True
sverlaan,the-babadook,2.0,False
sverlaan,whiplash-2014,5.0,True
sverlaan,the-wolf-of-wall-street,5.0,True
sverlaan,bros-before-hos,4.0,False
sverlaan,the-tale-of-the-princess-kaguya,4.0,False
sverlaan,frozen-2013,4.0,True
sverlaan,the-kingdom-of-dreams-and-madness,4.0,True
sverlaan,the-hunger-games-catching-fire,4.0,True
sverlaan,lone-survivor,4.0,False
sverlaan,her,3.5,False
sverlaan,captain-phillips,3.5,False
sverlaan,enemy,4.0,False
sverlaan,begin-again,4.0,False
sverlaan,dallas-buyers-club,3.0,False
sverlaan,rush-2013,4.0,False
sverlaan,locke,4.5,True
sverlaan,12-years-a-slave,4.0,False
sverlaan,prisoners,5.0,True
sverlaan,under-the-skin-2013,2.5,False
sverlaan,gravity-2013,3.5,False
sverlaan,percy-jackson-sea-of-monsters,2.5,False
sverlaan,the-wind-rises,5.0,True
sverlaan,escape-plan,3.0,False
sverlaan,about-time,4.5,True
sverlaan,world-war-z,3.5,False
sverlaan,the-conjuring,4.0,False
sverlaan,monsters-university,3.0,False
sverlaan,the-purge,3.0,False
sverlaan,nebraska,4.0,False
sverlaan,blue-is-the-warmest-color,4.5,True
sverlaan,the-great-beauty,3.0,False
sverlaan,now-you-see-me,2.5,False
sverlaan,inside-llewyn-davis,4.5,False
sverlaan,fast-furious-6,3.0,False
sverlaan,the-great-gatsby-2013,4.0,False
sverlaan,iron-man-3,3.0,False
sverlaan,scary-movie-5,3.0,False
sverlaan,pain-gain,3.5,False
sverlaan,gi-joe-retaliation,2.5,False
sverlaan,olympus-has-fallen,2.5,False
sverlaan,the-call-2013,4.0,False
sverlaan,21-over,2.5,False
sverlaan,snitch,3.0,False
sverlaan,loving-ibiza,1.0,False
sverlaan,upstream-color,3.5,False
sverlaan,before-midnight,5.0,True
sverlaan,fruitvale-station,3.5,False
sverlaan,whiplash-2013,3.0,False
sverlaan,the-spectacular-now,4.0,False
sverlaan,mama-2013,2.0,False
sverlaan,zero-dark-thirty,4.5,False
sverlaan,django-unchained,5.0,True
sverlaan,family-way,3.0,False
sverlaan,the-twilight-saga-breaking-dawn-part-2,3.0,True
sverlaan,skyfall,3.0,False
sverlaan,the-marathon,3.5,False
sverlaan,pitch-perfect,4.5,True
sverlaan,life-of-pi,4.5,True
sverlaan,taken-2,2.5,False
sverlaan,house-at-the-end-of-the-street,3.0,False
sverlaan,the-impossible,3.5,False
sverlaan,end-of-watch,3.5,False
sverlaan,silver-linings-playbook,3.5,False
sverlaan,the-perks-of-being-a-wallflower,4.0,False
sverlaan,the-place-beyond-the-pines,4.0,False
sverlaan,the-master-2012,4.0,False
sverlaan,frances-ha,4.5,True
sverlaan,the-expendables-2,3.5,False
sverlaan,the-dark-knight-rises,4.5,False
sverlaan,the-amazing-spider-man,3.5,False
sverlaan,amour,4.5,True
sverlaan,the-hunt-2012,4.5,True
sverlaan,the-dictator-2012,3.5,False
sverlaan,the-avengers-2012,4.0,False
sverlaan,prometheus,3.0,False
sverlaan,quiz,3.5,False
sverlaan,21-jump-street,4.0,False
sverlaan,the-hunger-games,4.0,False
sverlaan,gone-2012,3.0,False
sverlaan,flight,3.5,False
sverlaan,safe-house-2012,3.0,False
sverlaan,chronicle,3.5,False
sverlaan,the-grey,3.0,False
sverlaan,the-cabin-in-the-woods,2.5,False
sverlaan,new-kids-nitro,2.5,False
sverlaan,mission-impossible-ghost-protocol,3.0,False
sverlaan,the-twilight-saga-breaking-dawn-part-1,2.0,False
sverlaan,in-time,3.0,False
sverlaan,setup,2.0,False
sverlaan,the-intouchables,3.5,False
sverlaan,moneyball,4.5,True
sverlaan,killer-elite,3.0,False
sverlaan,50-50,4.0,False
sverlaan,warrior,4.5,False
sverlaan,shame-2011,5.0,True
sverlaan,final-destination-5,3.0,False
sverlaan,rise-of-the-planet-of-the-apes,3.0,False
sverlaan,crazy-stupid-love,5.0,True
sverlaan,from-up-on-poppy-hill,3.0,False
sverlaan,harry-potter-and-the-deathly-hallows-part-2,4.5,True
sverlaan,kung-fu-panda-2,3.0,False
sverlaan,blitz,3.5,False
sverlaan,drive-2011,4.0,True
sverlaan,the-hangover-part-ii,3.0,False
sverlaan,oslo-august-31st,4.5,True
sverlaan,melancholia,4.5,True
sverlaan,the-tree-of-life-2011,3.0,False
sverlaan,midnight-in-paris,4.5,True
sverlaan,pirates-of-the-caribbean-on-stranger-tides,2.5,False
sverlaan,fast-five,4.5,False
sverlaan,lemonade-mouth,4.0,False
sverlaan,scream-4,3.0,False
sverlaan,source-code,4.0,False
sverlaan,vipers-nest,3.5,False
sverlaan,unknown-2011,2.0,False
sverlaan,the-mechanic-2011,3.0,False
sverlaan,loft-2010,4.0,False
sverlaan,new-kids-turbo,2.5,False
sverlaan,the-chronicles-of-narnia-the-voyage-of-the-dawn-treader,3.0,False
sverlaan,tangled-2010,3.5,False
sverlaan,faster-2010,3.5,False
sverlaan,love-other-drugs,2.5,False
sverlaan,harry-potter-and-the-deathly-hallows-part-1,4.5,False
sverlaan,saint,3.0,False
sverlaan,red-2010,3.5,False
sverlaan,senna,4.0,False
sverlaan,stranger-things,4.0,False
sverlaan,the-social-network,5.0,True
sverlaan,insidious,3.0,False
sverlaan,easy-a,3.5,False
sverlaan,127-hours,4.0,False
sverlaan,incendies,4.5,True
sverlaan,black-swan,4.5,True
sverlaan,the-expendables,4.0,False
sverlaan,step-up-3d,3.5,False
sverlaan,the-other-guys,3.5,False
sverlaan,salt-2010,2.5,False
sverlaan,inception,5.0,True
sverlaan,the-last-airbender,2.0,False
sverlaan,the-twilight-saga-eclipse,2.5,False
sverlaan,the-karate-kid-2010,3.0,False
sverlaan,unthinkable,4.0,False
sverlaan,certified-copy,3.0,False
sverlaan,poetry,3.0,False
sverlaan,a-nightmare-on-elm-street-2010,3.0,False
sverlaan,iron-man-2,3.5,False
sverlaan,how-to-train-your-dragon,3.5,False
sverlaan,kick-ass,3.5,False
sverlaan,shutter-island,4.0,False
sverlaan,percy-jackson-the-olympians-the-lightning-thief,3.5,False
sverlaan,blue-valentine,4.0,False
sverlaan,avatar,3.0,False
sverlaan,the-twilight-saga-new-moon,2.0,False
sverlaan,fantastic-mr-fox,4.0,False
sverlaan,zombieland,2.0,False
sverlaan,up-in-the-air,4.5,False
sverlaan,harry-potter-and-the-half-blood-prince,4.0,False
sverlaan,exam,4.0,False
sverlaan,a-perfect-getaway,2.5,False
sverlaan,hachi-a-dogs-tale,3.0,False
sverlaan,the-hangover,3.5,False
sverlaan,the-white-ribbon,4.0,False
sverlaan,inglourious-basterds,5.0,True
sverlaan,up,4.0,True
sverlaan,x-men-origins-wolverine,3.0,False
sverlaan,angels-demons,4.0,False
sverlaan,crank-high-voltage,2.0,False
sverlaan,fast-furious,3.5,False
sverlaan,drag-me-to-hell,4.0,False
sverlaan,friday-the-13th-2009,2.0,False
sverlaan,moon,4.0,False
sverlaan,500-days-of-summer,4.0,True
sverlaan,revolutionary-road,4.0,False
sverlaan,the-reader,4.0,False
sverlaan,gran-torino,3.0,False
sverlaan,ong-bak-2,3.5,False
sverlaan,a-matter-of-loaf-and-death,3.5,False
sverlaan,transporter-3,3.0,False
sverlaan,twilight-2008,3.0,False
sverlaan,the-hurt-locker,3.5,False
sverlaan,slumdog-millionaire,3.5,False
sverlaan,the-dark-knight,4.5,True
sverlaan,the-mummy-tomb-of-the-dragon-emperor,3.0,False
sverlaan,mamma-mia,4.0,True
sverlaan,still-walking,4.0,True
sverlaan,walle,4.0,False
sverlaan,wanted-2008,3.0,False
sverlaan,the-incredible-hulk,3.0,False
sverlaan,synecdoche-new-york,2.5,False
sverlaan,indiana-jones-and-the-kingdom-of-the-crystal-skull,3.0,False
sverlaan,two-lovers,2.5,False
sverlaan,hunger,3.0,False
sverlaan,the-chronicles-of-narnia-prince-caspian,4.0,False
sverlaan,kung-fu-panda,3.5,False
sverlaan,the-boy-in-the-striped-pyjamas,3.0,False
sverlaan,iron-man-2008,4.5,False
sverlaan,the-forbidden-kingdom,3.5,False
sverlaan,21,4.0,False
sverlaan,taken,3.5,False
sverlaan,chocolate-2008,3.5,False
sverlaan,let-the-right-one-in,3.5,False
sverlaan,dear-zachary-a-letter-to-a-son-about-his-father,4.5,True
sverlaan,in-bruges,4.5,True
sverlaan,the-bucket-list,3.0,False
sverlaan,i-am-legend,3.5,False
sverlaan,love-is-all,3.5,False
sverlaan,there-will-be-blood,5.0,True
sverlaan,before-the-devil-knows-youre-dead,3.5,False
sverlaan,gone-baby-gone,2.5,False
sverlaan,into-the-wild,3.5,False
sverlaan,superbad,3.5,False
sverlaan,harry-potter-and-the-order-of-the-phoenix,5.0,True
sverlaan,transformers,2.5,False
sverlaan,ratatouille,4.0,False
sverlaan,live-free-or-die-hard,3.0,False
sverlaan,secret-sunshine,4.0,True
sverlaan,pirates-of-the-caribbean-at-worlds-end,3.5,False
sverlaan,no-country-for-old-men,5.0,True
sverlaan,spider-man-3,4.0,True
sverlaan,disturbia,4.0,False
sverlaan,sunshine-2007,3.5,False
sverlaan,shooter,3.5,False
sverlaan,zodiac,4.5,True
sverlaan,eragon,2.5,False
sverlaan,the-pursuit-of-happyness,2.5,False
sverlaan,300,4.0,False
sverlaan,blood-diamond,3.5,False
sverlaan,deja-vu,3.0,False
sverlaan,happy-feet,3.5,False
sverlaan,the-prestige,4.0,True
sverlaan,the-departed,5.0,True
sverlaan,children-of-men,4.0,True
sverlaan,paprika-2006,4.0,False
sverlaan,step-up,3.5,False
sverlaan,borat-cultural-learnings-of-america-for-make-benefit-glorious-nation-of-kazakhstan,4.0,False
sverlaan,pirates-of-the-caribbean-dead-mans-chest,4.0,False
sverlaan,the-devil-wears-prada,3.0,False
sverlaan,monster-house,4.0,False
sverlaan,the-fast-and-the-furious-tokyo-drift,3.0,False
sverlaan,pans-labyrinth,5.0,True
sverlaan,x-men-the-last-stand,3.0,False
sverlaan,babel-2006,3.5,False
sverlaan,the-host,3.5,False
sverlaan,the-da-vinci-code,4.5,False
sverlaan,inside-man,4.0,False
sverlaan,the-lives-of-others,4.5,True
sverlaan,cars,3.0,False
sverlaan,fearless-2006,4.0,False
sverlaan,v-for-vendetta,4.0,False
sverlaan,the-chronicles-of-narnia-the-lion-the-witch-and-the-wardrobe,4.0,True
sverlaan,king-kong-2005,3.0,False
sverlaan,harry-potter-and-the-goblet-of-fire,4.5,True
sverlaan,into-the-blue,2.5,False
sverlaan,pride-prejudice,3.0,False
sverlaan,brokeback-mountain,3.0,False
sverlaan,the-protector-2005,3.0,False
sverlaan,transporter-2,3.0,False
sverlaan,lady-vengeance,4.5,True
sverlaan,mr-mrs-smith-2005,4.0,False
sverlaan,batman-begins,3.5,False
sverlaan,a-history-of-violence,4.0,True
sverlaan,madagascar,3.0,False
sverlaan,cache,5.0,True
sverlaan,the-descent,2.5,False
sverlaan,unleashed,3.0,False
sverlaan,elektra,2.0,False
sverlaan,the-aviator,4.0,False
sverlaan,million-dollar-baby,3.5,False
sverlaan,the-edukators,3.5,False
sverlaan,the-incredibles,3.5,False
sverlaan,the-polar-express,4.0,False
sverlaan,new-police-story,4.0,False
sverlaan,shark-tale,3.0,False
sverlaan,birth-2004,3.5,False
sverlaan,3-iron,2.5,False
sverlaan,howls-moving-castle,3.0,False
sverlaan,collateral,3.5,False
sverlaan,i-robot,3.5,False
sverlaan,spider-man-2,4.0,False
sverlaan,the-terminal,4.0,False
sverlaan,harry-potter-and-the-prisoner-of-azkaban,5.0,True
sverlaan,the-notebook,3.5,False
sverlaan,troy,4.0,False
sverlaan,mean-girls,3.5,False
sverlaan,kill-bill-vol-2,3.0,False
sverlaan,eternal-sunshine-of-the-spotless-mind,5.0,True
sverlaan,before-sunset,5.0,True
sverlaan,saw,3.0,False
sverlaan,the-machinist,3.0,False
sverlaan,primer,4.5,True
sverlaan,paycheck,4.0,False
sverlaan,peter-pan-2003,3.0,False
sverlaan,mona-lisa-smile,3.0,False
sverlaan,big-fish,4.0,False
sverlaan,the-lord-of-the-rings-the-return-of-the-king,4.0,False
sverlaan,the-last-samurai,3.0,False
sverlaan,oldboy,4.5,False
sverlaan,kill-bill-vol-1,2.5,False
sverlaan,love-actually,3.5,False
sverlaan,lost-in-translation,4.0,False
sverlaan,swat,3.0,False
sverlaan,pirates-of-the-caribbean-the-curse-of-the-black-pearl,4.0,False
sverlaan,the-italian-job-2003,3.5,False
sverlaan,mystic-river,3.5,False
sverlaan,finding-nemo,4.0,False
sverlaan,bruce-almighty,3.5,False
sverlaan,the-matrix-reloaded,2.0,False
sverlaan,identity,2.5,False
sverlaan,memories-of-murder,4.0,False
sverlaan,x2,3.0,False
sverlaan,save-the-green-planet,3.0,False
sverlaan,daredevil,2.5,False
sverlaan,how-to-lose-a-guy-in-10-days,3.0,False
sverlaan,shanghai-knights,3.5,False
sverlaan,ong-bak,3.5,False
sverlaan,the-lord-of-the-rings-the-two-towers,4.0,False
sverlaan,catch-me-if-you-can-2002,4.0,True
sverlaan,infernal-affairs,4.0,False
sverlaan,harry-potter-and-the-chamber-of-secrets,4.5,True
sverlaan,the-transporter,3.5,False
sverlaan,phone-booth,3.5,False
sverlaan,lilya-4-ever,4.5,True
sverlaan,xxx,2.5,False
sverlaan,road-to-perdition,4.0,False
sverlaan,the-bourne-identity-2002,4.0,False
sverlaan,the-pianist,3.5,False
sverlaan,punch-drunk-love,4.0,False
sverlaan,city-of-god,4.5,True
sverlaan,spider-man,4.0,False
sverlaan,about-a-boy,3.5,False
sverlaan,ice-age,3.5,False
sverlaan,a-beautiful-mind,3.5,False
sverlaan,the-lord-of-the-rings-the-fellowship-of-the-ring,4.0,False
sverlaan,oceans-eleven-2001,3.5,False
sverlaan,harry-potter-and-the-philosophers-stone,4.0,False
sverlaan,monsters-inc,3.5,False
sverlaan,serendipity,3.0,False
sverlaan,training-day,3.5,False
sverlaan,the-others,4.0,False
sverlaan,millennium-actress,4.5,True
sverlaan,spirited-away,5.0,True
sverlaan,legally-blonde,4.5,True
sverlaan,kiss-of-the-dragon,3.5,False
sverlaan,the-fast-and-the-furious-2001,3.5,False
sverlaan,y-tu-mama-tambien,4.0,True
sverlaan,the-piano-teacher,4.0,False
sverlaan,amelie,3.5,False
sverlaan,shrek,3.5,True
sverlaan,the-tunnel-2001,3.5,False
sverlaan,donnie-darko,4.0,False
sverlaan,the-emperors-new-groove,3.0,False
sverlaan,cast-away,4.0,False
sverlaan,unbreakable,4.0,False
sverlaan,pay-it-forward,2.5,False
sverlaan,almost-famous,4.5,True
sverlaan,memento,4.5,True
sverlaan,autumn-in-new-york,1.0,False
sverlaan,x-men,3.5,False
sverlaan,scary-movie-2000,3.0,False
sverlaan,shanghai-noon,4.0,False
sverlaan,in-the-mood-for-love,5.0,True
sverlaan,crouching-tiger-hidden-dragon,3.5,False
sverlaan,yi-yi,4.0,False
sverlaan,gladiator-2000,2.5,False
sverlaan,the-beach,3.0,False
sverlaan,american-psycho,2.5,False
sverlaan,angelas-ashes,3.5,False
sverlaan,the-talented-mr-ripley,4.5,False
sverlaan,magnolia,3.5,False
sverlaan,the-green-mile,5.0,True
sverlaan,peppermint-candy,2.0,False
sverlaan,fight-club,5.0,True
sverlaan,american-beauty,4.5,True
sverlaan,beau-travail,4.0,True
sverlaan,the-sixth-sense,4.0,True
sverlaan,the-iron-giant,4.0,False
sverlaan,eyes-wide-shut,4.5,True
sverlaan,tarzan,3.5,False
sverlaan,the-virgin-suicides,4.5,True
sverlaan,notting-hill,4.0,False
sverlaan,election,4.5,True
sverlaan,the-mummy-1999,3.0,False
sverlaan,10-things-i-hate-about-you,4.0,False
sverlaan,the-matrix,4.0,False
sverlaan,october-sky,3.0,False
sverlaan,youve-got-mail,3.5,False
sverlaan,rush-hour,3.0,False
sverlaan,rushmore,3.5,False
sverlaan,pleasantville,4.5,True
sverlaan,after-life,4.0,False
sverlaan,run-lola-run,4.5,True
sverlaan,the-parent-trap-1998,4.0,True
sverlaan,saving-private-ryan,4.0,False
sverlaan,american-history-x,3.5,False
sverlaan,the-truman-show,4.5,True
sverlaan,the-celebration,3.0,False
sverlaan,pi,2.0,False
sverlaan,the-big-lebowski,3.0,False
sverlaan,who-am-i,3.0,False
sverlaan,open-your-eyes,3.5,False
sverlaan,jackie-brown,2.5,False
sverlaan,good-will-hunting,4.5,True
sverlaan,anastasia-1997,3.0,False
sverlaan,cure,4.5,True
sverlaan,titanic-1997,5.0,True
sverlaan,boogie-nights,5.0,True
sverlaan,the-edge,4.5,False
sverlaan,the-game,4.5,True
sverlaan,perfect-blue,4.5,True
sverlaan,princess-mononoke,4.5,True
sverlaan,hercules-1997,3.5,False
sverlaan,con-air,3.5,False
sverlaan,funny-games,5.0,True
sverlaan,la-confidential,4.0,False
sverlaan,insomnia,3.5,False
sverlaan,scream,4.0,False
sverlaan,matilda,4.0,False
sverlaan,breaking-the-waves,4.0,False
sverlaan,fargo,4.0,False
sverlaan,trainspotting,3.0,False
sverlaan,a-close-shave-1995,4.5,True
sverlaan,heat-1995,3.0,False
sverlaan,se7en,5.0,True
sverlaan,august-in-the-water,4.5,True
sverlaan,fallen-angels,3.5,False
sverlaan,whisper-of-the-heart,4.5,True
sverlaan,clueless,3.5,False
sverlaan,apollo-13,3.5,False
sverlaan,dead-man,3.5,False
sverlaan,la-haine,4.0,False
sverlaan,die-hard-with-a-vengeance,3.5,False
sverlaan,bad-boys-1995,3.0,False
sverlaan,safe,4.0,False
sverlaan,the-usual-suspects,4.0,False
sverlaan,before-sunrise,4.0,True
sverlaan,leon-the-professional,3.5,False
sverlaan,the-shawshank-redemption,5.0,True
sverlaan,quiz-show,4.5,True
sverlaan,chungking-express,5.0,True
sverlaan,forrest-gump,3.0,False
sverlaan,the-lion-king,4.0,False
sverlaan,speed,4.0,False
sverlaan,pulp-fiction,4.0,True
sverlaan,three-colours-red,4.0,False
sverlaan,three-colours-white,4.0,False
sverlaan,philadelphia,3.5,False
sverlaan,schindlers-list,4.5,True
sverlaan,the-nightmare-before-christmas,3.0,False
sverlaan,the-wrong-trousers,4.5,True
sverlaan,three-colours-blue,3.5,False
sverlaan,the-age-of-innocence,3.5,False
sverlaan,jurassic-park,3.0,False
sverlaan,dazed-and-confused,4.5,False
sverlaan,ocean-waves,3.0,False
sverlaan,home-alone-2-lost-in-new-york,3.0,False
sverlaan,unforgiven,4.0,False
sverlaan,porco-rosso,4.5,True
sverlaan,narcos,4.5,False
sverlaan,the-player,3.5,False
sverlaan,reservoir-dogs,4.0,False
sverlaan,a-brighter-summer-day,5.0,True
sverlaan,only-yesterday,4.5,False
sverlaan,terminator-2-judgment-day,3.0,False
sverlaan,my-own-private-idaho,3.0,False
sverlaan,the-silence-of-the-lambs,4.0,False
sverlaan,the-godfather-part-iii,3.0,False
sverlaan,europa-europa,2.5,False
sverlaan,home-alone,3.0,False
sverlaan,goodfellas,5.0,True
sverlaan,die-hard-2,3.5,False
sverlaan,close-up,3.0,False
sverlaan,back-to-the-future-part-ii,3.5,False
sverlaan,the-little-mermaid,3.5,False
sverlaan,a-grand-day-out,4.0,True
sverlaan,kikis-delivery-service,4.5,True
sverlaan,when-harry-met-sally,4.5,True
sverlaan,dead-poets-society,3.0,False
sverlaan,mystery-train,4.0,False
sverlaan,dangerous-liaisons,3.5,False
sverlaan,cinema-paradiso,4.0,True
sverlaan,the-vanishing,5.0,True
sverlaan,die-hard,3.5,False
sverlaan,grave-of-the-fireflies,4.5,True
sverlaan,my-neighbor-totoro,5.0,True
sverlaan,full-metal-jacket,3.5,False
sverlaan,the-man-who-planted-trees,4.5,True
sverlaan,dirty-dancing,3.5,False
sverlaan,platoon,3.0,False
sverlaan,when-the-wind-blows,3.5,False
sverlaan,blue-velvet,3.0,False
sverlaan,stand-by-me,4.5,True
sverlaan,castle-in-the-sky,4.0,False
sverlaan,aliens,4.0,False
sverlaan,top-gun,3.5,False
sverlaan,angels-egg,4.0,False
sverlaan,tampopo,5.0,True
sverlaan,after-hours,3.0,False
sverlaan,death-of-a-salesman,3.0,False
sverlaan,come-and-see,5.0,True
sverlaan,back-to-the-future,4.0,False
sverlaan,ran,2.5,False
sverlaan,taipei-story,4.0,True
sverlaan,the-breakfast-club,4.0,False
sverlaan,the-terminator,3.5,False
sverlaan,the-karate-kid,3.5,False
sverlaan,paris-texas,3.0,False
sverlaan,sixteen-candles,2.5,False
sverlaan,nausicaa-of-the-valley-of-the-wind,4.0,False
sverlaan,scarface-1983,2.5,False
sverlaan,return-of-the-jedi,3.0,False
sverlaan,the-snowman,3.5,False
sverlaan,fast-times-at-ridgemont-high,4.0,False
sverlaan,blade-runner,3.5,False
sverlaan,et-the-extra-terrestrial,4.0,False
sverlaan,fitzcarraldo,3.5,False
sverlaan,the-evil-dead,2.0,False
sverlaan,my-dinner-with-andre,3.5,False
sverlaan,raiders-of-the-lost-ark,3.5,False
sverlaan,raging-bull,3.5,False
sverlaan,the-shining,3.5,False
sverlaan,the-empire-strikes-back,4.0,False
sverlaan,kramer-vs-kramer,4.5,True
sverlaan,alien,5.0,True
sverlaan,apocalypse-now,3.5,False
sverlaan,halloween-1978,3.5,False
sverlaan,autumn-sonata,4.0,False
sverlaan,days-of-heaven,4.5,True
sverlaan,grease,3.0,False
sverlaan,house,4.0,True
sverlaan,star-wars,3.5,False
sverlaan,annie-hall,3.5,False
sverlaan,eraserhead,2.0,False
sverlaan,pumping-iron,3.5,False
sverlaan,rocky,3.5,False
sverlaan,network,3.0,False
sverlaan,taxi-driver,4.0,True
sverlaan,one-flew-over-the-cuckoos-nest,4.5,True
sverlaan,picnic-at-hanging-rock,4.0,False
sverlaan,jaws,3.5,False
sverlaan,mirror,2.5,False
sverlaan,the-godfather-part-ii,4.5,False
sverlaan,black-christmas,3.0,False
sverlaan,the-texas-chain-saw-massacre,4.0,True
sverlaan,chinatown,4.0,False
sverlaan,the-conversation,4.5,True
sverlaan,badlands,4.5,True
sverlaan,the-spirit-of-the-beehive,4.0,True
sverlaan,fantastic-planet,4.0,False
sverlaan,aguirre-the-wrath-of-god,2.5,False
sverlaan,the-discreet-charm-of-the-bourgeoisie,2.0,False
sverlaan,the-godfather,5.0,True
sverlaan,the-last-picture-show,4.0,True
sverlaan,once-upon-a-time-in-the-west,4.0,False
sverlaan,night-of-the-living-dead,4.0,False
sverlaan,2001-a-space-odyssey,5.0,True
sverlaan,the-graduate,4.0,True
sverlaan,the-jungle-book,3.5,False
sverlaan,the-good-the-bad-and-the-ugly,4.0,False
sverlaan,persona,4.5,True
sverlaan,masculin-feminin,3.0,False
sverlaan,pierrot-le-fou,2.5,False
sverlaan,the-umbrellas-of-cherbourg,2.0,False
sverlaan,dr-strangelove-or-how-i-learned-to-stop-worrying-and-love-the-bomb,4.0,True
sverlaan,high-and-low,4.5,True
sverlaan,to-kill-a-mockingbird,3.5,False
sverlaan,harakiri,5.0,True
sverlaan,la-jetee,4.5,True
sverlaan,last-year-at-marienbad,2.5,False
sverlaan,the-housemaid,3.5,False
sverlaan,psycho,5.0,True
sverlaan,the-apartment,5.0,True
sverlaan,lavventura,4.5,True
sverlaan,pickpocket,3.0,False
sverlaan,good-morning,4.0,False
sverlaan,hiroshima-mon-amour,3.5,False
sverlaan,the-400-blows,4.0,False
sverlaan,some-like-it-hot,4.0,False
sverlaan,the-human-condition-i-no-greater-love,4.5,True
sverlaan,vertigo,4.5,False
sverlaan,paths-of-glory,5.0,True
sverlaan,the-cranes-are-flying,5.0,True
sverlaan,12-angry-men,3.5,False
sverlaan,a-man-escaped,4.0,False
sverlaan,the-night-of-the-hunter,2.5,False
sverlaan,rear-window,5.0,True
sverlaan,tokyo-story,4.0,False
sverlaan,peter-pan,3.5,False
sverlaan,summer-interlude,3.5,False
sverlaan,rashomon,3.0,False
sverlaan,sunset-boulevard,5.0,True
sverlaan,late-spring,5.0,True
sverlaan,the-third-man,4.0,False
sverlaan,the-red-shoes,5.0,True
sverlaan,bicycle-thieves,4.5,True
sverlaan,rope,4.0,True
sverlaan,black-narcissus,4.0,True
sverlaan,its-a-wonderful-life,4.5,True
sverlaan,a-matter-of-life-and-death,3.5,False
sverlaan,notorious,4.0,True
sverlaan,brief-encounter,3.5,False
sverlaan,casablanca,4.5,False
sverlaan,citizen-kane,5.0,True
sverlaan,rebecca,4.0,False
sverlaan,the-shop-around-the-corner,4.0,True
sverlaan,the-wizard-of-oz-1939,3.0,False
sverlaan,m,4.0,True
sverlaan,the-passion-of-joan-of-arc,4.0,False
sverlaan,metropolis,4.0,True
sverlaan,sherlock-jr,4.0,False
flrz,jeffrey-epstein-bad-pedophile,5.0,False
flrz,straf-2025,3.5,False
flrz,one-battle-after-another,4.0,False
flrz,the-voice-of-hind-rajab,5.0,False
flrz,bugonia,5.0,False
flrz,tattoo-santa-claus,3.0,False
flrz,the-north,3.0,False
flrz,the-piss-saga,3.5,False
flrz,papier-mache-2025,4.5,False
flrz,romeria,3.5,False
flrz,sentimental-value-2025,4.5,False
flrz,it-was-just-an-accident,4.5,False
flrz,eddington,4.0,False
flrz,the-garden-of-earthly-delights-2025,5.0,False
flrz,brother-verses-brother,1.5,False
flrz,straight-outta-space,1.5,False
flrz,idyllic-2025,3.5,False
flrz,sorry-baby-2025,1.5,False
flrz,the-golden-spurtle,5.0,False
flrz,tummy-tom-2-a-new-friend-for-tummy-tom,4.0,False
flrz,snow-bear-2024,3.5,False
flrz,cottage-cheese,3.5,False
flrz,nosferatu-2024,2.5,False
flrz,paddington-in-peru,3.5,False
flrz,wallace-gromit-vengeance-most-fowl,5.0,False
flrz,that-christmas,4.0,False
flrz,north-sea-nature-untamed,2.5,False
flrz,the-wild-robot,3.5,False
flrz,long-distance-2024-1,3.0,False
flrz,the-brutalist,4.0,False
flrz,tummy-tom-and-the-lost-teddybear,5.0,False
flrz,look-back-2024,4.5,False
flrz,stuffed-2024,4.0,False
flrz,memoir-of-a-snail,4.0,False
flrz,inside-out-2-2024,3.5,False
flrz,corn-man-origin-theory,5.0,False
flrz,vegan-mayo,4.0,False
flrz,fish-river-anthology,3.0,False
flrz,flow-2024,4.0,False
flrz,anora,4.5,False
flrz,the-substance,4.5,False
flrz,phallic-don-is-dead,2.0,False
flrz,sweeties-2024,4.5,False
flrz,how-to-make-millions-before-grandma-dies,4.5,False
flrz,challengers,4.5,False
flrz,crossing-2024,4.0,False
flrz,game-on-2024,1.0,False
flrz,you-cant-get-what-you-want-but-you-can-get-me,1.5,False
flrz,kneecap,5.0,False
flrz,chicken-run-dawn-of-the-nugget,3.5,False
flrz,poison-2023,4.0,False
flrz,the-rat-catcher-2023,3.0,False
flrz,the-swan-2023,4.0,False
flrz,sing-sing-2023,4.0,False
flrz,poor-things-2023,4.0,False
flrz,the-wonderful-story-of-henry-sugar,4.5,False
flrz,the-holdovers,4.0,False
flrz,the-boy-and-the-heron,4.5,False
flrz,oppenheimer-2023,4.0,False
flrz,my-father-nour-and-i,3.0,False
flrz,spider-man-across-the-spider-verse,4.5,False
flrz,27-2023,3.5,False
flrz,perfect-days-2023,4.5,False
flrz,asteroid-city,4.0,False
flrz,killers-of-the-flower-moon,3.0,False
flrz,monster-2023,5.0,False
flrz,apocalypse-yasss-two-girls-one-rapture,2.5,False
flrz,beau-is-afraid,4.5,False
flrz,kasper-van-der-laan-warm,3.5,False
flrz,and-me-im-dancing-too,3.5,False
flrz,drijf,3.5,False
flrz,magical-snow-at-christmas,4.5,False
flrz,the-boy-the-mole-the-fox-and-the-horse,3.5,False
flrz,puss-in-boots-the-last-wish,4.0,False
flrz,last-summer-2022,3.0,False
flrz,cosmohedron,3.0,False
flrz,hundreds-of-beavers,4.0,False
flrz,the-fabelmans,4.0,False
flrz,tar-2022,4.5,False
flrz,kasper-van-der-laan-1-kilo,4.5,False
flrz,canceled-2022,2.5,False
flrz,catopolis,4.5,False
flrz,broker-2022,4.5,False
flrz,ice-merchants,4.0,False
flrz,decision-to-leave,3.5,False
flrz,smoking-causes-coughing,3.5,False
flrz,triangle-of-sadness,4.0,False
flrz,aftersun,4.5,False
flrz,the-eight-mountains,4.5,False
flrz,everything-everywhere-all-at-once,4.5,False
flrz,alcarras,3.5,False
flrz,red-fried-district,1.5,False
flrz,goodbye-jerome,4.0,False
flrz,licorice-pizza,4.0,False
flrz,karbonkel-the-ugly-truth,5.0,False
flrz,marcel-the-shell-with-shoes-on-2021,4.5,False
flrz,a-hero,3.0,False
flrz,titane,4.0,False
flrz,the-french-dispatch-of-the-liberty-kansas,3.5,False
flrz,drive-my-car,4.0,False
flrz,compartment-no-6,4.0,False
flrz,boiling-point-2021,3.0,False
flrz,code-kampen,2.0,False
flrz,beast-2021-2,5.0,False
flrz,save-ralph,3.5,False
flrz,were-all-going-to-the-worlds-fair,1.0,False
flrz,puparia,4.0,False
flrz,opal-2020,2.5,False
flrz,soul-2020,5.0,False
flrz,david-attenborough-a-life-on-our-planet,3.5,False
flrz,another-round,4.0,False
flrz,twins-in-paradise,4.0,False
flrz,relaxing-old-footage-with-joe-pera,4.0,False
flrz,nine-days,4.0,False
flrz,feels-good-man,3.0,False
flrz,the-social-dilemma,3.0,False
flrz,colozio,2.5,False
flrz,dont-fk-with-cats-hunting-an-internet-killer,4.0,False
flrz,resurrection-2019-1,1.0,False
flrz,turn-2019,3.5,False
flrz,rocks-2019,3.5,False
flrz,joker-2019,3.5,False
flrz,uncut-gems,4.0,False
flrz,dora-and-the-lost-city-of-gold,1.5,False
flrz,midsommar,4.0,False
flrz,parasite-2019,5.0,False
flrz,portrait-of-a-lady-on-fire,4.0,False
flrz,the-lighthouse-2019,4.5,False
flrz,devils-pie-dangelo,4.0,False
flrz,tux-and-fanny,4.0,False
flrz,dead-end-2019,3.0,False
flrz,timelapse-of-the-future-a-journey-to-the-end-of-time,1.5,False
flrz,love-death-robots-zima-blue,4.0,False
flrz,love-death-robots-when-the-yogurt-took-over,3.0,False
flrz,kim-possible,1.5,False
flrz,the-boy-who-harnessed-the-wind,2.5,False
flrz,kitbull,3.0,False
flrz,spider-man-into-the-spider-verse,4.0,False
flrz,twisted-pair,0.5,False
flrz,mid90s,3.5,False
flrz,suspiria-2018,2.5,False
flrz,the-old-man-the-gun,2.0,False
flrz,roma-2018,5.0,False
flrz,lost-found-2018-3,3.0,False
flrz,girl-2018,4.0,False
flrz,capernaum,4.5,False
flrz,burning-2018,5.0,False
flrz,climax-2018,4.5,False
flrz,shoplifters,4.5,False
flrz,arctic-2018,3.5,False
flrz,floatland,3.5,False
flrz,the-wolf-house,5.0,False
flrz,isle-of-dogs-2018,3.5,False
flrz,hereditary,4.5,False
flrz,phantom-thread,4.5,False
flrz,forgotten-2017,4.0,False
flrz,paddington-2,4.5,False
flrz,coco-2017,3.0,False
flrz,kittykat96,4.0,False
flrz,blade-runner-2049,3.5,False
flrz,ata-kak-time-bomb,4.0,False
flrz,it-2017,2.0,False
flrz,lady-bird,2.5,False
flrz,the-emoji-movie,2.0,False
flrz,the-saint-2017-1,1.0,False
flrz,loving-vincent,5.0,False
flrz,the-florida-project,3.0,False
flrz,the-square-2017,4.0,False
flrz,history-of-the-entire-world-i-guess,4.5,False
flrz,cat-city-2017,4.0,False
flrz,double-king,3.5,False
flrz,the-disaster-artist,2.5,False
flrz,baby-driver,2.5,False
flrz,the-lego-batman-movie,4.0,False
flrz,agoraphobia-2017,4.5,False
flrz,get-out-2017,4.0,False
flrz,call-me-by-your-name,4.5,False
flrz,joe-pera-helps-you-find-the-perfect-christmas-tree,3.5,False
flrz,doctor-strange-2016,2.5,False
flrz,20th-century-women,2.0,False
flrz,bad-black,4.5,False
flrz,northern-disco-lights,5.0,False
flrz,a-silent-voice-the-movie,2.5,False
flrz,moonlight-2016,4.0,False
flrz,arrival-2016,4.0,False
flrz,la-la-land,4.5,False
flrz,my-life-as-a-zucchini,5.0,False
flrz,toni-erdmann,3.0,False
flrz,raw-2016,4.5,False
flrz,the-handmaiden,5.0,False
flrz,i-daniel-blake,3.5,False
flrz,train-to-busan,4.5,False
flrz,the-red-turtle,2.5,False
flrz,joe-pera-talks-you-to-sleep,4.0,False
flrz,this-house-has-people-in-it,4.0,False
flrz,a-grand-night-in-the-story-of-aardman,4.0,False
flrz,a-fox-and-a-mouse,1.5,False
flrz,mr-holmes,1.5,False
flrz,kung-fury,2.0,False
flrz,the-little-prince-2015,4.5,False
flrz,inside-out-2015,3.5,False
flrz,embrace-of-the-serpent,3.5,False
flrz,the-lobster,3.5,False
flrz,shaun-the-sheep-movie,3.5,False
flrz,the-witch-2015,3.5,False
flrz,world-of-tomorrow,4.5,False
flrz,ex-machina-2015,3.0,False
flrz,unedited-footage-of-a-bear,4.0,False
flrz,paddington,3.5,False
flrz,american-sniper,1.5,False
flrz,over-the-garden-wall-2014,4.5,False
flrz,interstellar,3.0,False
flrz,birdman-or-the-unexpected-virtue-of-ignorance,4.5,False
flrz,the-hundred-foot-journey,1.0,False
flrz,guardians-of-the-galaxy,2.0,False
flrz,when-marnie-was-there,3.5,False
flrz,song-of-the-sea,4.5,False
flrz,the-wonders-2014,4.0,False
flrz,fantastic-man,3.5,False
flrz,the-grand-budapest-hotel,5.0,False
flrz,the-hungover-games,1.5,False
flrz,the-lego-movie,4.5,False
flrz,boyhood,3.0,False
flrz,whiplash-2014,4.5,False
flrz,crazy-world-2014,4.5,False
flrz,her,4.0,False
flrz,the-web-2013,4.0,False
flrz,boy-the-world,4.5,False
flrz,12-years-a-slave,3.0,False
flrz,under-the-skin-2013,3.0,False
flrz,gravity-2013,3.5,False
flrz,snowpiercer,3.5,False
flrz,the-wind-rises,4.0,False
flrz,fateful-findings,0.5,False
flrz,like-father-like-son-2013,5.0,False
flrz,autodestruction,1.0,False
flrz,computer-chess,4.0,False
flrz,before-midnight,4.5,False
flrz,django-unchained,4.5,False
flrz,wreck-it-ralph,4.0,False
flrz,banana-with-coconut-milk,2.0,False
flrz,life-of-pi,4.5,False
flrz,house-at-the-end-of-the-street,1.5,False
flrz,frances-ha,3.5,False
flrz,the-act-of-killing,3.0,False
flrz,its-such-a-beautiful-day,5.0,False
flrz,foodfight,0.5,False
flrz,ernest-celestine,3.5,False
flrz,holy-motors,3.5,False
flrz,amour,4.5,False
flrz,moonrise-kingdom,4.0,False
flrz,final-cut-ladies-and-gentlemen,5.0,False
flrz,thingu,4.0,False
flrz,samsara-2011,4.5,False
flrz,the-raid-2011,2.5,False
flrz,beats-rhymes-life-the-travels-of-a-tribe-called-quest,4.0,False
flrz,drive-2011,3.5,False
flrz,oslo-august-31st,4.0,False
flrz,tdf-really-works,1.5,False
flrz,new-kids-turbo,4.5,False
flrz,runaway-2010,2.0,False
flrz,the-social-network,4.0,False
flrz,incendies,4.5,False
flrz,black-swan,3.5,False
flrz,inception,4.5,False
flrz,toy-story-3,4.0,False
flrz,poetry,4.5,False
flrz,who-killed-captain-alex,5.0,False
flrz,birdemic-shock-and-terror,0.5,False
flrz,avatar,2.0,False
flrz,the-princess-and-the-frog,4.0,False
flrz,black-dynamite,4.5,False
flrz,fantastic-mr-fox,5.0,False
flrz,hachi-a-dogs-tale,2.0,False
flrz,enter-the-void,5.0,False
flrz,a-town-called-panic,3.0,False
flrz,the-white-ribbon,4.0,False
flrz,inglourious-basterds,3.5,False
flrz,up,3.0,False
flrz,lenteveld,1.0,False
flrz,coraline,4.5,False
flrz,500-days-of-summer,3.0,False
flrz,mary-and-max,4.0,False
flrz,a-matter-of-loaf-and-death,4.0,False
flrz,twilight-2008,2.0,False
flrz,i-love-dries,5.0,False
flrz,the-dark-knight,3.5,False
flrz,still-walking,5.0,False
flrz,walle,4.5,False
flrz,synecdoche-new-york,4.0,False
flrz,iron-man-2008,2.5,False
flrz,la-maison-en-petits-cubes,3.5,False
flrz,dear-zachary-a-letter-to-a-son-about-his-father,4.5,False
flrz,in-bruges,2.5,False
flrz,there-will-be-blood,4.0,False
flrz,into-the-wild,4.0,False
flrz,david-lynch-cooks-quinoa,3.0,False
flrz,ratatouille,4.5,False
flrz,surfs-up,3.5,False
flrz,no-country-for-old-men,4.0,False
flrz,shrek-the-third,3.5,False
flrz,hot-fuzz,2.5,False
flrz,doe-maar-the-musical,3.0,False
flrz,flushed-away,3.0,False
flrz,the-fall,5.0,False
flrz,children-of-men,4.5,False
flrz,paprika-2006,4.0,False
flrz,game-2006-1,4.0,False
flrz,barnyard,4.0,False
flrz,pans-labyrinth,3.5,False
flrz,azur-asmar-the-princes-quest,3.5,False
flrz,cars,3.0,False
flrz,still-shining,3.0,False
flrz,little-miss-sunshine,4.0,False
flrz,chicken-little-2005,3.0,False
flrz,dave-chappelles-block-party,3.0,False
flrz,corpse-bride,3.5,False
flrz,wallace-gromit-the-curse-of-the-were-rabbit,3.5,False
flrz,lady-vengeance,4.5,False
flrz,cache,5.0,False
flrz,cigarette,2.5,False
flrz,the-devil-and-daniel-johnston,3.5,False
flrz,erik-or-the-small-book-of-insects,3.5,False
flrz,the-life-aquatic-with-steve-zissou,4.0,False
flrz,pluk-and-his-tow-truck,4.0,False
flrz,alone-in-the-wilderness,4.5,False
flrz,swing-girls,3.5,False
flrz,3-iron,3.0,False
flrz,howls-moving-castle,3.0,False
flrz,mind-game,4.5,False
flrz,the-notebook,1.0,False
flrz,nobody-knows,5.0,False
flrz,eternal-sunshine-of-the-spotless-mind,3.5,False
flrz,before-sunset,4.0,False
flrz,primer,3.0,False
flrz,oldboy,5.0,False
flrz,school-of-rock,4.0,False
flrz,lost-in-translation,3.5,False
flrz,spring-summer-fall-winter-and-spring,4.5,False
flrz,the-room,4.0,False
flrz,blossoms-blood,4.0,False
flrz,harvie-krumpet,3.5,False
flrz,finding-nemo,3.5,False
flrz,bruce-almighty,2.5,False
flrz,memories-of-murder,4.0,False
flrz,save-the-green-planet,3.5,False
flrz,the-man-with-the-smallest-penis-in-existence-and-the-electron-microscope-technician-who-loved-him,2.0,False
flrz,wallace-gromits-cracking-contraptions,3.5,False
flrz,hukkle,3.5,False
flrz,irreversible,4.0,False
flrz,to-be-and-to-have,3.5,False
flrz,punch-drunk-love,5.0,False
flrz,city-of-god,5.0,False
flrz,the-lord-of-the-rings-the-fellowship-of-the-ring,4.0,False
flrz,the-happiness-of-the-katakuris,4.5,False
flrz,the-royal-tenenbaums,3.5,False
flrz,millennium-actress,3.5,False
flrz,spirited-away,4.0,False
flrz,y-tu-mama-tambien,4.5,False
flrz,mulholland-drive,4.5,False
flrz,amelie,4.5,False
flrz,shrek,4.0,False
flrz,freddy-got-fingered,3.5,False
flrz,cat-soup,4.0,False
flrz,electric-dragon-80000v,4.0,False
flrz,waking-life,3.5,False
flrz,donnie-darko,3.0,False
flrz,kokoa,2.5,False
flrz,memento,3.5,False
flrz,rejected,3.0,False
flrz,chicken-run,4.5,False
flrz,in-the-mood-for-love,4.0,False
flrz,werckmeister-harmonies,3.5,False
flrz,crouching-tiger-hidden-dragon,4.0,False
flrz,the-gleaners-and-i,5.0,False
flrz,yi-yi,4.5,False
flrz,requiem-for-a-dream,4.5,False
flrz,magnolia,3.0,False
flrz,the-scooby-doo-project,1.0,False
flrz,peppermint-candy,4.0,False
flrz,fight-club,4.5,False
flrz,beau-travail,4.5,False
flrz,being-john-malkovich,4.5,False
flrz,the-iron-giant,4.5,False
flrz,eyes-wide-shut,5.0,False
flrz,the-old-man-and-the-sea-1999,3.0,False
flrz,tarzan,3.5,False
flrz,ghost-dog-the-way-of-the-samurai,4.0,False
flrz,the-matrix,3.5,False
flrz,the-little-girl-who-sold-the-sun,4.0,False
flrz,outer-space,5.0,False
flrz,kirikou-and-the-sorceress,4.0,False
flrz,chef-aid-behind-the-menu,3.5,False
flrz,rushmore,4.0,False
flrz,after-life,4.0,False
flrz,run-lola-run,4.5,False
flrz,black-cat-white-cat,3.5,False
flrz,the-truman-show,4.5,False
flrz,the-celebration,4.5,False
flrz,1001-nights,4.0,False
flrz,pi,3.5,False
flrz,the-big-lebowski,4.0,False
flrz,geris-game,2.0,False
flrz,cure,4.5,False
flrz,titanic-1997,3.5,False
flrz,boogie-nights,5.0,False
flrz,gummo,4.5,False
flrz,perfect-blue,5.0,False
flrz,the-man-in-the-lower-left-hand-corner-of-the-photograph,2.5,False
flrz,princess-mononoke,4.5,False
flrz,taste-of-cherry,3.5,False
flrz,funny-games,5.0,False
flrz,fargo,3.0,False
flrz,trainspotting,4.0,False
flrz,a-close-shave-1995,4.5,False
flrz,twelve-monkeys,2.5,False
flrz,toy-story,4.0,False
flrz,se7en,3.5,False
flrz,august-in-the-water,5.0,False
flrz,fallen-angels,4.0,False
flrz,la-haine,5.0,False
flrz,joy-street,4.0,False
flrz,before-sunrise,4.5,False
flrz,the-shawshank-redemption,3.5,False
flrz,chungking-express,4.5,False
flrz,forrest-gump,3.0,False
flrz,the-lion-king,4.0,False
flrz,pulp-fiction,3.5,False
flrz,satantango,5.0,False
flrz,hoop-dreams,4.5,False
flrz,schindlers-list,3.0,False
flrz,emilie-muller,3.5,False
flrz,the-nightmare-before-christmas,3.5,False
flrz,the-wrong-trousers,5.0,False
flrz,dazed-and-confused,4.5,False
flrz,gayniggers-from-outer-space,1.5,False
flrz,groundhog-day,3.5,False
flrz,the-penknife,4.5,False
flrz,comet-in-moominland,4.0,False
flrz,porco-rosso,3.5,False
flrz,food,4.5,False
flrz,hyenas-1992,4.0,False
flrz,man-bites-dog,4.0,False
flrz,the-northerners,3.0,False
flrz,reservoir-dogs,4.5,False
flrz,a-brighter-summer-day,4.5,False
flrz,terminator-2-judgment-day,3.5,False
flrz,the-double-life-of-veronique,4.0,False
flrz,boyz-n-the-hood,4.0,False
flrz,the-sandman,4.0,False
flrz,the-silence-of-the-lambs,4.0,False
flrz,goodfellas,3.0,False
flrz,dreams,2.5,False
flrz,close-up,4.0,False
flrz,evenings,3.5,False
flrz,a-grand-day-out,4.0,False
flrz,isle-of-flowers,4.5,False
flrz,kikis-delivery-service,4.0,False
flrz,creature-comforts,4.0,False
flrz,batman-1989,3.5,False
flrz,tetsuo-the-iron-man,4.5,False
flrz,do-the-right-thing,3.5,False
flrz,elephant,3.5,False
flrz,club-of-the-laid-off,3.5,False
flrz,darkness-light-darkness,3.5,False
flrz,kroamschuddn-in-mariaparochie,3.0,False
flrz,cinema-paradiso,4.0,False
flrz,landscape-in-the-mist,4.5,False
flrz,the-vanishing,5.0,False
flrz,alice-1988,3.5,False
flrz,akira,2.5,False
flrz,grave-of-the-fireflies,4.0,False
flrz,my-neighbor-totoro,5.0,False
flrz,amsterdamned,3.5,False
flrz,wings-of-desire,3.0,False
flrz,the-man-who-planted-trees,5.0,False
flrz,evil-dead-ii,3.0,False
flrz,wolfs-hole,3.0,False
flrz,where-is-the-friends-house,3.5,False
flrz,when-the-wind-blows,3.5,False
flrz,blue-velvet,4.5,False
flrz,the-fly-1986,2.0,False
flrz,stand-by-me,4.0,False
flrz,ferris-buellers-day-off,4.0,False
flrz,the-pied-piper-1986,4.5,False
flrz,the-sacrifice,3.5,False
flrz,street-of-crocodiles,3.5,False
flrz,abel,4.5,False
flrz,gerorisuto,1.0,False
flrz,angels-egg,4.0,False
flrz,tampopo,5.0,False
flrz,ghost-1985,4.5,False
flrz,grim-1985,4.5,False
flrz,come-and-see,5.0,False
flrz,back-to-the-future,3.0,False
flrz,78-tours,3.0,False
flrz,ran,3.0,False
flrz,mishima-a-life-in-four-chapters,4.5,False
flrz,taipei-story,4.0,False
flrz,brazil,5.0,False
flrz,the-breakfast-club,3.5,False
flrz,sinfonia-do-alto-ribeira,3.0,False
flrz,streetwise,4.0,False
flrz,the-terminator,2.5,False
flrz,amadeus,4.0,False
flrz,gospel-according-to-al-green,3.0,False
flrz,paris-texas,2.0,False
flrz,stop-making-sense,4.0,False
flrz,i-am-with-a-monk,3.5,False
flrz,michael-jacksons-thriller,4.0,False
flrz,the-boxers-omen,3.0,False
flrz,return-of-the-jedi,2.5,False
flrz,the-lift,2.0,False
flrz,nostalgia-1983,5.0,False
flrz,videodrome,3.5,False
flrz,dimensions-of-dialogue,4.0,False
flrz,angst,4.0,False
flrz,the-snowman,3.5,False
flrz,fanny-and-alexander,3.0,False
flrz,vincent,4.5,False
flrz,koyaanisqatsi,3.5,False
flrz,wild-style,2.5,False
flrz,thunder-1982,4.0,False
flrz,the-thing,2.5,False
flrz,et-the-extra-terrestrial,3.0,False
flrz,pink-floyd-the-wall,4.0,False
flrz,fitzcarraldo,3.5,False
flrz,the-ravishing-of-frank-n-stein,3.0,False
flrz,shift,2.0,False
flrz,son-of-the-white-mare,4.0,False
flrz,raiders-of-the-lost-ark,3.0,False
flrz,possession,4.5,False
flrz,tango,3.5,False
flrz,spacy,4.0,False
flrz,the-elephant-man,3.5,False
flrz,crac,4.0,False
flrz,tyll-the-giant,3.5,False
flrz,talking-heads,3.5,False
flrz,airplane,3.5,False
flrz,the-blues-brothers,4.5,False
flrz,the-shining,4.5,False
flrz,the-empire-strikes-back,4.5,False
flrz,life-of-brian,4.0,False
flrz,alien,4.0,False
flrz,stalker,5.0,False
flrz,apocalypse-now,4.5,False
flrz,asparagus,4.5,False
flrz,tale-of-tales,3.5,False
flrz,the-star-wars-holiday-special,2.0,False
flrz,watership-down,2.0,False
flrz,autumn-sonata,4.0,False
flrz,days-of-heaven,3.0,False
flrz,sgt-peppers-lonely-hearts-club-band,2.0,False
flrz,all-nothing,4.0,False
flrz,house,4.5,False
flrz,a-special-day,4.0,False
flrz,star-wars,4.0,False
flrz,annie-hall,3.5,False
flrz,eraserhead,5.0,False
flrz,wizards,2.0,False
flrz,network,3.0,False
flrz,carrie-1976,1.5,False
flrz,taxi-driver,4.0,False
flrz,barry-lyndon,4.5,False
flrz,salo-or-the-120-days-of-sodom,2.0,False
flrz,one-flew-over-the-cuckoos-nest,4.0,False
flrz,hedgehog-in-the-fog,3.5,False
flrz,atman,4.5,False
flrz,jaws,3.5,False
flrz,monty-python-and-the-holy-grail,4.5,False
flrz,mirror,5.0,False
flrz,young-frankenstein,1.5,False
flrz,the-godfather-part-ii,4.0,False
flrz,space-is-the-place,3.0,False
flrz,the-texas-chain-saw-massacre,4.5,False
flrz,sisyphus,4.0,False
flrz,chinatown,5.0,False
flrz,the-conversation,4.5,False
flrz,jefferson-circus-songs,2.5,False
flrz,the-exorcist,1.0,False
flrz,the-wicker-man,4.0,False
flrz,dont-look-now,1.5,False
flrz,the-spirit-of-the-beehive,3.5,False
flrz,f-for-fake,3.5,False
flrz,jesus-christ-superstar,3.0,False
flrz,enter-the-dragon,2.5,False
flrz,the-holy-mountain,5.0,False
flrz,fantastic-planet,3.5,False
flrz,touki-bouki,4.5,False
flrz,turkish-delight,3.5,False
flrz,the-discreet-charm-of-the-bourgeoisie,2.0,False
flrz,pink-flamingos,3.5,False
flrz,the-godfather,4.0,False
flrz,solaris,4.0,False
flrz,fritz-the-cat,3.0,False
flrz,what-is-a-cat,4.0,False
flrz,hundertwassers-rainy-day,4.0,False
flrz,a-clockwork-orange,3.0,False
flrz,shaft,3.0,False
flrz,punishment-park,4.5,False
flrz,trafic,4.0,False
flrz,el-topo,3.5,False
flrz,a-boy-named-charlie-brown,4.0,False
flrz,kes,3.5,False
flrz,the-color-of-pomegranates,2.5,False
flrz,the-cremator,4.0,False
flrz,once-upon-a-time-in-the-west,4.0,False
flrz,pas-de-deux,4.0,False
flrz,yellow-submarine,4.0,False
flrz,rosemarys-baby,4.0,False
flrz,2001-a-space-odyssey,5.0,False
flrz,planet-of-the-apes,3.0,False
flrz,the-graduate,4.5,False
flrz,magical-mystery-tour,4.0,False
flrz,playtime,3.0,False
flrz,bonnie-and-clyde,1.0,False
flrz,daisies,4.0,False
flrz,the-good-the-bad-and-the-ugly,4.0,False
flrz,andrei-rublev,5.0,False
flrz,manos-the-hands-of-fate,1.0,False
flrz,persona,4.0,False
flrz,the-battle-of-algiers,4.5,False
flrz,au-hasard-balthazar,4.0,False
flrz,santa-claus-has-blue-eyes,2.0,False
flrz,black-girl-1966,3.0,False
flrz,return-of-an-adventurer,4.0,False
flrz,doctor-zhivago,3.0,False
flrz,a-charlie-brown-christmas,4.5,False
flrz,the-hand-1965,2.5,False
flrz,dog-star-man,4.0,False
flrz,onibaba,4.0,False
flrz,i-am-cuba,5.0,False
flrz,woman-in-the-dunes,3.5,False
flrz,dr-strangelove-or-how-i-learned-to-stop-worrying-and-love-the-bomb,5.0,False
flrz,high-and-low,4.5,False
flrz,8-half,4.5,False
flrz,an-autumn-afternoon,3.5,False
flrz,harakiri,5.0,False
flrz,the-fabulous-baron-munchausen,3.5,False
flrz,ivans-childhood,3.5,False
flrz,la-jetee,4.0,False
flrz,west-side-story,2.5,False
flrz,last-year-at-marienbad,4.5,False
flrz,zoo-1961,3.0,False
flrz,psycho,4.5,False
flrz,the-apartment,4.5,False
flrz,le-trou,3.0,False
flrz,breathless,4.0,False
flrz,floating-weeds,4.0,False
flrz,good-morning,5.0,False
flrz,all-the-boys-are-called-patrick,3.0,False
flrz,the-400-blows,4.5,False
flrz,the-human-condition-i-no-greater-love,4.5,False
flrz,fanfare,2.5,False
flrz,glass-1958,4.0,False
flrz,vertigo,4.0,False
flrz,touch-of-evil,4.5,False
flrz,elevator-to-the-gallows,3.5,False
flrz,paths-of-glory,5.0,False
flrz,the-cranes-are-flying,5.0,False
flrz,12-angry-men,4.0,False
flrz,the-seventh-seal,3.0,False
flrz,daybreak-express,4.5,False
flrz,the-searchers,3.0,False
flrz,the-red-balloon,3.0,False
flrz,the-night-of-the-hunter,2.0,False
flrz,africa-on-the-seine,2.5,False
flrz,rear-window,4.5,False
flrz,seven-samurai,5.0,False
flrz,the-inauguration-of-the-pleasure-dome,2.0,False
flrz,tokyo-story,5.0,False
flrz,duck-amuck,4.0,False
flrz,monsieur-hulots-holiday,3.0,False
flrz,ikiru,5.0,False
flrz,singin-in-the-rain,4.5,False
flrz,umberto-d,3.0,False
flrz,neighbours,3.0,False
flrz,rashomon,3.0,False
flrz,sunset-boulevard,4.5,False
flrz,late-spring,5.0,False
flrz,inspiration-1949,4.5,False
flrz,the-third-man,5.0,False
flrz,the-red-shoes,4.5,False
flrz,bicycle-thieves,5.0,False
flrz,black-narcissus,3.0,False
flrz,notorious,3.0,False
flrz,mildred-pierce,4.0,False
flrz,meshes-of-the-afternoon,4.0,False
flrz,casablanca,4.0,False
flrz,citizen-kane,5.0,False
flrz,the-wizard-of-oz-1939,2.5,False
flrz,snow-white-and-the-seven-dwarfs,4.0,False
flrz,modern-times,2.5,False
flrz,freaks,4.0,False
flrz,m,3.0,False
flrz,city-lights,4.0,False
flrz,lage-dor,4.0,False
flrz,rain-1929,2.5,False
flrz,un-chien-andalou,4.5,False
flrz,man-with-a-movie-camera,4.5,False
flrz,the-cameraman,3.5,False
flrz,the-passion-of-joan-of-arc,5.0,False
flrz,steamboat-bill-jr,3.0,False
flrz,metropolis,4.0,False
flrz,the-general,4.5,False
flrz,the-adventures-of-prince-achmed,3.5,False
flrz,battleship-potemkin,4.0,False
flrz,sherlock-jr,4.5,False
flrz,haxan,3.0,False
flrz,nosferatu,4.0,False
flrz,the-cabinet-of-dr-caligari-1920,4.0,False
flrz,utrecht,4.0,False
flrz,the-great-train-robbery,2.0,False
flrz,a-trip-to-the-moon,4.5,False
flrz,the-arrival-of-a-train-at-la-ciotat,2.5,False
flrz,cheeese,1.5,False
liannehr,people-we-meet-on-vacation,4.0,False
liannehr,zootopia-2,4.0,False
liannehr,wicked-for-good,3.5,False
liannehr,one-battle-after-another,4.0,False
liannehr,no-other-choice-2025,5.0,True
liannehr,hamnet,3.5,False
liannehr,how-to-train-your-dragon-2025,4.0,False
liannehr,sentimental-value-2025,4.5,False
liannehr,eddington,3.5,False
liannehr,a-minecraft-movie,2.5,False
liannehr,snow-white-2025,1.5,False
liannehr,adolescence-2025,5.0,False
liannehr,goudappels,3.0,False
liannehr,tummy-tom-2-a-new-friend-for-tummy-tom,5.0,False
liannehr,meet-me-next-christmas,1.0,False
liannehr,wicked-2024,4.5,False
liannehr,the-wild-robot,3.5,False
liannehr,im-still-here-2024,5.0,True
liannehr,babygirl-2024,3.5,False
liannehr,blink-twice,3.5,False
liannehr,it-ends-with-us,2.5,False
liannehr,twisters,2.5,False
liannehr,tummy-tom-and-the-lost-teddybear,5.0,False
liannehr,inside-out-2-2024,4.0,False
liannehr,flow-2024,4.0,False
liannehr,anora,5.0,False
liannehr,baby-reindeer,4.0,False
liannehr,challengers,5.0,True
liannehr,the-idea-of-you-2024,1.5,False
liannehr,one-day-2024,5.0,True
liannehr,dune-part-two,4.0,False
liannehr,a-real-pain,5.0,True
liannehr,anyone-but-you,3.5,False
liannehr,wonka,3.0,False
liannehr,the-iron-claw-2023,4.5,True
liannehr,wish-2023,3.0,False
liannehr,the-hunger-games-the-ballad-of-songbirds-snakes,4.0,False
liannehr,taylor-swift-the-eras-tour,5.0,True
liannehr,a-haunting-in-venice,3.0,False
liannehr,hit-man-2023,3.0,False
liannehr,poor-things-2023,3.5,False
liannehr,the-wonderful-story-of-henry-sugar,3.5,False
liannehr,the-holdovers,4.0,False
liannehr,the-boy-and-the-heron,4.0,False
liannehr,oppenheimer-2023,4.5,True
liannehr,barbie,5.0,True
liannehr,no-hard-feelings-2023,3.5,False
liannehr,once-upon-a-studio,4.0,False
liannehr,spider-man-across-the-spider-verse,4.5,False
liannehr,elemental-2023,3.5,False
liannehr,asteroid-city,3.0,False
liannehr,anatomy-of-a-fall,4.0,False
liannehr,may-december,5.0,False
liannehr,killers-of-the-flower-moon,3.5,False
liannehr,the-zone-of-interest,4.5,False
liannehr,the-little-mermaid-2023,3.5,False
liannehr,peter-pan-wendy,3.0,False
liannehr,one-true-loves,1.0,False
liannehr,rye-lane,4.5,False
liannehr,past-lives,4.0,False
liannehr,fair-play-2023,3.0,False
liannehr,puss-in-boots-the-last-wish,5.0,False
liannehr,catering-christmas,1.5,False
liannehr,the-fabelmans,4.0,False
liannehr,glass-onion,3.5,False
liannehr,the-menu-2022,3.0,False
liannehr,dont-worry-darling,3.0,False
liannehr,the-whale-2022,4.0,False
liannehr,empire-of-light,3.0,False
liannehr,nope,3.5,False
liannehr,blind-willow-sleeping-woman,3.5,False
liannehr,aftersun,5.0,False
liannehr,everything-everywhere-all-at-once,4.5,False
liannehr,spider-man-no-way-home,3.5,False
liannehr,the-hating-game,3.5,False
liannehr,encanto,3.5,False
liannehr,maid-2021,5.0,False
liannehr,dune-2021,4.5,False
liannehr,the-worst-person-in-the-world,4.0,False
liannehr,the-fallout,5.0,False
liannehr,normal-people-2020,5.0,False
liannehr,little-women-2019,5.0,True
liannehr,knives-out-2019,4.0,False
liannehr,sound-of-metal,4.5,True
liannehr,babyteeth,4.0,False
liannehr,parasite-2019,5.0,False
liannehr,someone-great,3.5,False
liannehr,spider-man-into-the-spider-verse,4.0,False
liannehr,to-all-the-boys-ive-loved-before,3.5,False
liannehr,mamma-mia-here-we-go-again,5.0,False
liannehr,game-night,3.5,False
liannehr,murder-on-the-orient-express-2017,2.5,False
liannehr,i-tonya,4.0,False
liannehr,lady-bird,3.5,False
liannehr,spider-man-homecoming,4.0,False
liannehr,get-out-2017,4.0,False
liannehr,call-me-by-your-name,4.5,False
liannehr,passengers-2016,3.0,False
liannehr,moana-2016,4.5,False
liannehr,arrival-2016,4.5,True
liannehr,la-la-land,5.0,True
liannehr,piper,5.0,True
liannehr,zootopia,4.5,False
liannehr,the-martian,3.5,False
liannehr,room-2015,4.0,False
liannehr,inside-out-2015,4.0,False
liannehr,the-age-of-adaline,3.5,False
liannehr,brooklyn,3.0,False
liannehr,interstellar,4.5,True
liannehr,love-rosie,5.0,True
liannehr,gone-girl,3.5,False
liannehr,maleficent,3.5,False
liannehr,whiplash-2014,5.0,False
liannehr,frozen-2013,4.5,False
liannehr,the-hunger-games-catching-fire,4.0,False
liannehr,her,3.0,False
liannehr,prisoners,4.5,False
liannehr,about-time,5.0,True
liannehr,before-midnight,4.0,False
liannehr,the-twilight-saga-breaking-dawn-part-2,3.0,False
liannehr,the-amazing-spider-man,3.5,False
liannehr,the-hunger-games,4.0,False
liannehr,the-twilight-saga-breaking-dawn-part-1,2.0,False
liannehr,crazy-stupid-love,5.0,True
liannehr,one-day-2011,3.0,False
liannehr,tangled-2010,4.0,False
liannehr,the-social-network,4.5,False
liannehr,easy-a,3.5,False
liannehr,incendies,4.5,False
liannehr,inception,3.5,False
liannehr,the-twilight-saga-eclipse,2.0,False
liannehr,the-last-song,3.5,False
liannehr,starstruck-2010,3.0,False
liannehr,dear-john,3.0,False
liannehr,the-twilight-saga-new-moon,2.0,False
liannehr,fantastic-mr-fox,4.0,False
liannehr,princess-protection-program,3.5,False
liannehr,up,4.5,False
liannehr,hannah-montana-the-movie,4.0,False
liannehr,17-again,2.0,False
liannehr,500-days-of-summer,4.0,False
liannehr,twilight-2008,3.5,False
liannehr,high-school-musical-3-senior-year,4.5,False
liannehr,mamma-mia,4.0,False
liannehr,definitely-maybe,1.5,False
liannehr,27-dresses,3.0,False
liannehr,high-school-musical-2,3.5,False
liannehr,bratz,2.0,False
liannehr,ratatouille,4.5,False
liannehr,spider-man-3,3.5,False
liannehr,the-holiday,3.0,False
liannehr,happy-feet,3.5,False
liannehr,the-prestige,4.0,False
liannehr,barbie-in-the-12-dancing-princesses,3.0,False
liannehr,high-school-musical,4.5,False
liannehr,the-chronicles-of-narnia-the-lion-the-witch-and-the-wardrobe,5.0,False
liannehr,harry-potter-and-the-goblet-of-fire,4.0,False
liannehr,pride-prejudice,3.0,False
liannehr,barbie-as-the-princess-and-the-pauper,3.5,False
liannehr,the-princess-diaries-2-royal-engagement,3.0,False
liannehr,harry-potter-and-the-prisoner-of-azkaban,4.5,False
liannehr,shrek-2,3.5,False
liannehr,mean-girls,3.5,False
liannehr,13-going-on-30-3,3.5,False
liannehr,eternal-sunshine-of-the-spotless-mind,5.0,True
liannehr,before-sunset,5.0,False
liannehr,mona-lisa-smile,3.5,False
liannehr,love-actually,4.0,False
liannehr,how-to-lose-a-guy-in-10-days,3.5,False
liannehr,catch-me-if-you-can-2002,3.0,False
liannehr,barbie-as-rapunzel,3.0,False
liannehr,serendipity,3.0,False
liannehr,the-princess-diaries,3.5,False
liannehr,spirited-away,3.5,False
liannehr,legally-blonde,4.5,False
liannehr,autumn-in-new-york,1.0,False
liannehr,notting-hill,4.0,False
liannehr,election,3.5,False
liannehr,october-sky,3.0,False
liannehr,youve-got-mail,3.5,False
liannehr,the-parent-trap-1998,4.0,False
liannehr,the-truman-show,4.5,False
liannehr,good-will-hunting,5.0,False
liannehr,anastasia-1997,3.5,False
liannehr,titanic-1997,5.0,False
liannehr,princess-mononoke,4.0,False
liannehr,my-best-friends-wedding,3.0,False
liannehr,se7en,4.0,False
liannehr,clueless,3.0,False
liannehr,while-you-were-sleeping,2.0,False
liannehr,before-sunrise,4.0,False
liannehr,the-shawshank-redemption,4.5,False
liannehr,the-nightmare-before-christmas,3.0,False
liannehr,sleepless-in-seattle,3.5,False
liannehr,the-little-mermaid,4.0,False
liannehr,kikis-delivery-service,4.0,False
liannehr,when-harry-met-sally,5.0,False
liannehr,cinema-paradiso,4.0,False
liannehr,dirty-dancing,3.5,False
liannehr,top-gun,3.0,False
liannehr,the-snowman,3.5,False
liannehr,sleeping-beauty,3.0,False
liannehr,cinderella,3.0,False
liannehr,the-red-shoes,4.0,False
liannehr,its-a-wonderful-life,4.5,False
liannehr,the-wizard-of-oz-1939,3.0,False
liannehr,snow-white-and-the-seven-dwarfs,3.5,False
